Ticker symbol,Security,GICS Sector,Address of Headquarters,City,State,state_abv,lat,lon
MMM,3M Company,Industrials,"St. Paul, Minnesota",St. Paul,Minnesota,MN,44.9497487,-93.0931028
ABT,Abbott Laboratories,Health Care,"North Chicago, Illinois",North Chicago,Illinois,IL,42.325578,-87.8411818
ABBV,AbbVie,Health Care,"North Chicago, Illinois",North Chicago,Illinois,IL,42.325578,-87.8411818
ATVI,Activision Blizzard,Information Technology,"Santa Monica, California",Santa Monica,California,CA,34.0194704,-118.4912273
AYI,Acuity Brands Inc,Industrials,"Atlanta, Georgia",Atlanta,Georgia,GA,33.7489924,-84.3902644
ADBE,Adobe Systems Inc,Information Technology,"San Jose, California",San Jose,California,CA,37.3361663,-121.890591
AAP,Advance Auto Parts,Consumer Discretionary,"Roanoke, Virginia",Roanoke,Virginia,VA,37.270973,-79.9414313
AES,AES Corp,Utilities,"Arlington, Virginia",Arlington,Virginia,VA,38.8903961,-77.0841585
AET,Aetna Inc,Health Care,"Hartford, Connecticut",Hartford,Connecticut,CT,41.764582,-72.6908547
AMG,Affiliated Managers Group Inc,Financials,"Beverly, Massachusetts",Beverly,Massachusetts,MA,42.5584284,-70.8800491
AFL,AFLAC Inc,Financials,"Columbus, Georgia",Columbus,Georgia,GA,32.4610708,-84.9880449
A,Agilent Technologies Inc,Health Care,"Santa Clara, California",Santa Clara,California,CA,37.2333253,-121.6846349
APD,Air Products & Chemicals Inc,Materials,"Allentown, Pennsylvania",Allentown,Pennsylvania,PA,40.6022059,-75.4712794
AKAM,Akamai Technologies Inc,Information Technology,"Cambridge, Massachusetts",Cambridge,Massachusetts,MA,42.3750997,-71.1056157
ALK,Alaska Air Group Inc,Industrials,"Seattle, Washington",Seattle,Washington,WA,47.6038321,-122.330062
ALB,Albemarle Corp,Materials,"Baton Rouge, Louisiana",Baton Rouge,Louisiana,LA,30.4507936,-91.1391153
ALXN,Alexion Pharmaceuticals,Health Care,"Cheshire, Connecticut",Cheshire,Connecticut,CT,41.4989861,-72.900658
ADS,Alliance Data Systems,Information Technology,"Plano, Texas",Plano,Texas,TX,33.0136764,-96.6925096
LNT,Alliant Energy Corp,Utilities,"Madison, Wisconsin",Madison,Wisconsin,WI,43.074761,-89.3837613
ALL,Allstate Corp,Financials,"Northfield Township, Illinois",Northfield Township,Illinois,IL,42.1091052,-87.8293188
GOOGL,Alphabet Inc Class A,Information Technology,"Mountain View, California",Mountain View,California,CA,37.3893889,-122.0832101
GOOG,Alphabet Inc Class C,Information Technology,"Mountain View, California",Mountain View,California,CA,37.3893889,-122.0832101
MO,Altria Group Inc,Consumer Staples,"Richmond, Virginia",Richmond,Virginia,VA,37.5385087,-77.43428
AMZN,Amazon.com Inc,Consumer Discretionary,"Seattle, Washington",Seattle,Washington,WA,47.6038321,-122.330062
AEE,Ameren Corp,Utilities,"St. Louis, Missouri",St. Louis,Missouri,MO,38.6312667,-90.2353056
AAL,American Airlines Group,Industrials,"Fort Worth, Texas",Fort Worth,Texas,TX,32.753177,-97.3327459
AEP,American Electric Power,Utilities,"Columbus, Ohio",Columbus,Ohio,OH,39.9622601,-83.0007065
AXP,American Express Co,Financials,"New York, New York",New York,New York,NY,40.7127281,-74.0060152
AIG,"American International Group, Inc.",Financials,"New York, New York",New York,New York,NY,40.7127281,-74.0060152
AMT,American Tower Corp A,Real Estate,"Boston, Massachusetts",Boston,Massachusetts,MA,42.3602534,-71.0582912
AWK,American Water Works Company Inc,Utilities,"Voorhees, New Jersey",Voorhees,New Jersey,NJ,39.8512162,-74.9619779
AMP,Ameriprise Financial,Financials,"Minneapolis, Minnesota",Minneapolis,Minnesota,MN,44.9772995,-93.2654692
ABC,AmerisourceBergen Corp,Health Care,"Chesterbrook, Pennsylvania",Chesterbrook,Pennsylvania,PA,40.705896,-78.003616
AME,AMETEK Inc,Industrials,"Berwyn, Pennsylvania",Berwyn,Pennsylvania,PA,40.0448306,-75.4388053
AMGN,Amgen Inc,Health Care,"Thousand Oaks, California",Thousand Oaks,California,CA,34.1705609,-118.8375937
APH,Amphenol Corp,Information Technology,"Wallingford, Connecticut",Wallingford,Connecticut,CT,41.4570418,-72.8231552
APC,Anadarko Petroleum Corp,Energy,"The Woodlands, Texas",The Woodlands,Texas,TX,30.1734194,-95.504686
ADI,"Analog Devices, Inc.",Information Technology,"Norwood, Massachusetts",Norwood,Massachusetts,MA,42.194543,-71.1994976
ANTM,Anthem Inc.,Health Care,"Indianapolis, Indiana",Indianapolis,Indiana,IN,39.7683331,-86.1583502
APA,Apache Corporation,Energy,"Houston, Texas",Houston,Texas,TX,29.7589382,-95.3676974
AIV,Apartment Investment & Mgmt,Real Estate,"Denver, Colorado",Denver,Colorado,CO,39.7392364,-104.984862
AAPL,Apple Inc.,Information Technology,"Cupertino, California",Cupertino,California,CA,37.3228934,-122.0322895
AMAT,Applied Materials Inc,Information Technology,"Santa Clara, California",Santa Clara,California,CA,37.2333253,-121.6846349
ADM,Archer-Daniels-Midland Co,Consumer Staples,"Decatur, Illinois",Decatur,Illinois,IL,39.8454163,-88.9524151
ARNC,Arconic Inc,Industrials,"New York, New York",New York,New York,NY,40.7127281,-74.0060152
AJG,Arthur J. Gallagher & Co.,Financials,"Itasca, Illinois",Itasca,Illinois,IL,41.9751722,-88.0067509
AIZ,Assurant Inc,Financials,"New York, New York",New York,New York,NY,40.7127281,-74.0060152
T,AT&T Inc,Telecommunications Services,"Dallas, Texas",Dallas,Texas,TX,32.7762719,-96.7968559
ADSK,Autodesk Inc,Information Technology,"San Rafael, California",San Rafael,California,CA,37.9735346,-122.5310874
ADP,Automatic Data Processing,Information Technology,"Roseland, New Jersey",Roseland,New Jersey,NJ,40.8206555,-74.2937595
AN,AutoNation Inc,Consumer Discretionary,"Fort Lauderdale, Florida",Fort Lauderdale,Florida,FL,26.1223084,-80.1433786
AZO,AutoZone Inc,Consumer Discretionary,"Memphis, Tennessee",Memphis,Tennessee,TN,35.1335022,-89.9668758
AVB,"AvalonBay Communities, Inc.",Real Estate,"Arlington, Virginia[3]",Arlington,Virginia,VA,38.8903961,-77.0841585
AVY,Avery Dennison Corp,Materials,"Glendale, California",Glendale,California,CA,34.1469416,-118.2478471
BHI,Baker Hughes Inc,Energy,"Houston, Texas",Houston,Texas,TX,29.7589382,-95.3676974
BLL,Ball Corp,Materials,"Broomfield, Colorado",Broomfield,Colorado,CO,39.9403995,-105.05208
BAC,Bank of America Corp,Financials,"Charlotte, North Carolina",Charlotte,North Carolina,NC,35.2272086,-80.8430827
BCR,Bard (C.R.) Inc.,Health Care,"Murray Hill, New Jersey",Murray Hill,New Jersey,NJ,40.6953793,-74.4009849
BAX,Baxter International Inc.,Health Care,"Deerfield, Illinois",Deerfield,Illinois,IL,42.1711365,-87.8445119
BBT,BB&T Corporation,Financials,"Winston-Salem, North Carolina",Winston-Salem,North Carolina,NC,36.0998131,-80.2440518
BDX,Becton Dickinson,Health Care,"Franklin Lakes, New Jersey",Franklin Lakes,New Jersey,NJ,41.0167639,-74.2057012
BBBY,Bed Bath & Beyond,Consumer Discretionary,"Union, New Jersey",Union,New Jersey,NJ,40.7097227,-74.3056934
BRK.B,Berkshire Hathaway,Financials,"Omaha, Nebraska",Omaha,Nebraska,NE,41.2587459,-95.9383758
BBY,Best Buy Co. Inc.,Consumer Discretionary,"Richfield, Minnesota",Richfield,Minnesota,MN,44.8766431,-93.2877877
BIIB,BIOGEN IDEC Inc.,Health Care,"Weston, Massachusetts",Weston,Massachusetts,MA,42.3667625,-71.3031132
BLK,BlackRock,Financials,"New York, New York",New York,New York,NY,40.7127281,-74.0060152
HRB,Block H&R,Financials,"Kansas City, Missouri",Kansas City,Missouri,MO,39.100105,-94.5781416
BA,Boeing Company,Industrials,"Chicago, Illinois",Chicago,Illinois,IL,41.8755616,-87.6244212
BWA,BorgWarner,Consumer Discretionary,"Auburn Hills, Michigan",Auburn Hills,Michigan,MI,42.6875323,-83.2341028
BXP,Boston Properties,Real Estate,"Boston, Massachusetts",Boston,Massachusetts,MA,42.3602534,-71.0582912
BSX,Boston Scientific,Health Care,"Marlborough, Massachusetts[4]",Marlborough,Massachusetts,MA,42.3459271,-71.5522874
BMY,Bristol-Myers Squibb,Health Care,"New York, New York",New York,New York,NY,40.7127281,-74.0060152
AVGO,Broadcom,Information Technology,"San Jose, California",San Jose,California,CA,37.3361663,-121.890591
BF.B,Brown-Forman Corporation,Consumer Staples,"Louisville, Kentucky",Louisville,Kentucky,KY,38.2542376,-85.759407
CHRW,C. H. Robinson Worldwide,Industrials,"Eden Prairie, Minnesota",Eden Prairie,Minnesota,MN,44.8546856,-93.470786
CA,"CA, Inc.",Information Technology,"Islandia, New York",Islandia,New York,NY,40.8047151,-73.1805097
COG,Cabot Oil & Gas,Energy,"Houston, Texas",Houston,Texas,TX,29.7589382,-95.3676974
CPB,Campbell Soup,Consumer Staples,"Camden, New Jersey",Camden,New Jersey,NJ,39.9448402,-75.1198911
COF,Capital One Financial,Financials,"Tysons Corner, Virginia",Tysons Corner,Virginia,VA,38.9206007,-77.2223184
CAH,Cardinal Health Inc.,Health Care,"Dublin, Ohio",Dublin,Ohio,OH,40.1132857,-83.1327563
KMX,Carmax Inc,Consumer Discretionary,"Richmond, Virginia",Richmond,Virginia,VA,37.5385087,-77.43428
CCL,Carnival Corp.,Consumer Discretionary,"Miami, Florida",Miami,Florida,FL,25.7741728,-80.19362
CAT,Caterpillar Inc.,Industrials,"Peoria, Illinois",Peoria,Illinois,IL,40.6938609,-89.5891008
CBG,CBRE Group,Real Estate,"Los Angeles, California",Los Angeles,California,CA,34.0536909,-118.242766
CBS,CBS Corp.,Consumer Discretionary,"New York, New York",New York,New York,NY,40.7127281,-74.0060152
CELG,Celgene Corp.,Health Care,"Summit, New Jersey",Summit,New Jersey,NJ,40.7182356,-74.3592296
CNC,Centene Corporation,Health Care,"St Louis, Missouri",St Louis,Missouri,MO,38.6312667,-90.2353056
CNP,CenterPoint Energy,Utilities,"Houston, Texas",Houston,Texas,TX,29.7589382,-95.3676974
CTL,CenturyLink Inc,Telecommunications Services,"Monroe, Louisiana",Monroe,Louisiana,LA,32.5102427,-92.1032411
CERN,Cerner,Health Care,"North Kansas City, Missouri",North Kansas City,Missouri,MO,39.1432057,-94.5733988
CF,CF Industries Holdings Inc,Materials,"Deerfield, Illinois",Deerfield,Illinois,IL,42.1711365,-87.8445119
SCHW,Charles Schwab Corporation,Financials,"San Francisco, California",San Francisco,California,CA,37.7790262,-122.419906
CHTR,Charter Communications,Consumer Discretionary,"Stamford, Connecticut",Stamford,Connecticut,CT,41.0534302,-73.5387341
CHK,Chesapeake Energy,Energy,"Oklahoma City, Oklahoma",Oklahoma City,Oklahoma,OK,35.4729886,-97.5170536
CVX,Chevron Corp.,Energy,"San Ramon, California",San Ramon,California,CA,37.7648021,-121.9544387
CMG,Chipotle Mexican Grill,Consumer Discretionary,"Denver, Colorado",Denver,Colorado,CO,39.7392364,-104.984862
CHD,Church & Dwight,Consumer Staples,"Ewing, New Jersey",Ewing,New Jersey,NJ,40.2688105,-74.8006895
CI,CIGNA Corp.,Health Care,"Philadelphia, Pennsylvania",Philadelphia,Pennsylvania,PA,39.9527237,-75.1635262
XEC,Cimarex Energy,Energy,"Denver, Colorado",Denver,Colorado,CO,39.7392364,-104.984862
CINF,Cincinnati Financial,Financials,"Fairfield, Ohio",Fairfield,Ohio,OH,39.3458953,-84.5605031
CTAS,Cintas Corporation,Industrials,"Mason, Ohio",Mason,Ohio,OH,39.3600586,-84.309939
CSCO,Cisco Systems,Information Technology,"San Jose, California",San Jose,California,CA,37.3361663,-121.890591
C,Citigroup Inc.,Financials,"New York, New York",New York,New York,NY,40.7127281,-74.0060152
CFG,Citizens Financial Group,Financials,"Providence, Rhode Island",Providence,Rhode Island,RI,41.8239891,-71.4128343
CTXS,Citrix Systems,Information Technology,"Fort Lauderdale, Florida",Fort Lauderdale,Florida,FL,26.1223084,-80.1433786
CME,CME Group Inc.,Financials,"Chicago, Illinois",Chicago,Illinois,IL,41.8755616,-87.6244212
CMS,CMS Energy,Utilities,"Jackson, Michigan",Jackson,Michigan,MI,42.2416466,-84.425589
COH,Coach Inc.,Consumer Discretionary,"New York, New York",New York,New York,NY,40.7127281,-74.0060152
KO,Coca Cola Company,Consumer Staples,"Atlanta, Georgia",Atlanta,Georgia,GA,33.7489924,-84.3902644
CTSH,Cognizant Technology Solutions,Information Technology,"Teaneck, New Jersey",Teaneck,New Jersey,NJ,40.8860164,-74.0072568
CL,Colgate-Palmolive,Consumer Staples,"New York, New York",New York,New York,NY,40.7127281,-74.0060152
CMCSA,Comcast A Corp,Consumer Discretionary,"Philadelphia, Pennsylvania",Philadelphia,Pennsylvania,PA,39.9527237,-75.1635262
CMA,Comerica Inc.,Financials,"Dallas, Texas",Dallas,Texas,TX,32.7762719,-96.7968559
CAG,ConAgra Foods Inc.,Consumer Staples,"Omaha, Nebraska",Omaha,Nebraska,NE,41.2587459,-95.9383758
CXO,Concho Resources,Energy,"Midland, Texas",Midland,Texas,TX,31.9973662,-102.0779482
COP,ConocoPhillips,Energy,"Houston, Texas",Houston,Texas,TX,29.7589382,-95.3676974
ED,Consolidated Edison,Utilities,"New York, New York",New York,New York,NY,40.7127281,-74.0060152
STZ,Constellation Brands,Consumer Staples,"Victor, New York",Victor,New York,NY,40.6796006,-73.9869246
GLW,Corning Inc.,Information Technology,"Corning, New York",Corning,New York,NY,43.105719,-77.4551604
COST,Costco Co.,Consumer Staples,"Issaquah, Washington",Issaquah,Washington,WA,47.5348778,-122.0432974
COTY,"Coty, Inc",Consumer Staples,"New York, NY",New York,New York,NY,40.7127281,-74.0060152
CCI,Crown Castle International Corp.,Real Estate,"Houston, Texas",Houston,Texas,TX,29.7589382,-95.3676974
CSRA,CSRA Inc.,Information Technology,"Falls Church, Virginia",Falls Church,Virginia,VA,38.882334,-77.1710914
CSX,CSX Corp.,Industrials,"Jacksonville, Florida",Jacksonville,Florida,FL,30.3321838,-81.655651
CMI,Cummins Inc.,Industrials,"Columbus, Indiana",Columbus,Indiana,IN,39.2014405,-85.9213796
CVS,CVS Health,Consumer Staples,"Woonsocket, Rhode Island",Woonsocket,Rhode Island,RI,42.0028761,-71.5147839
DHI,D. R. Horton,Consumer Discretionary,"Fort Worth, Texas",Fort Worth,Texas,TX,32.753177,-97.3327459
DHR,Danaher Corp.,Industrials,"Washington, D.C.",Washington,District of Columbia,DC,38.8950368,-77.0365427
DRI,Darden Restaurants,Consumer Discretionary,"Orlando, Florida",Orlando,Florida,FL,28.5421109,-81.3790304
DVA,DaVita Inc.,Health Care,"Denver, Colorado",Denver,Colorado,CO,39.7392364,-104.984862
DE,Deere & Co.,Industrials,"Moline, Illinois",Moline,Illinois,IL,41.5067003,-90.5151342
DAL,Delta Air Lines,Industrials,"Atlanta, Georgia",Atlanta,Georgia,GA,33.7489924,-84.3902644
XRAY,Dentsply Sirona,Health Care,"York, Pennsylvania",York,Pennsylvania,PA,39.9624624,-76.727707
DVN,Devon Energy Corp.,Energy,"Oklahoma City, Oklahoma",Oklahoma City,Oklahoma,OK,35.4729886,-97.5170536
DLR,Digital Realty Trust,Real Estate,"San Francisco, California",San Francisco,California,CA,37.7790262,-122.419906
DFS,Discover Financial Services,Financials,"Riverwoods, Illinois",Riverwoods,Illinois,IL,42.1676068,-87.8970986
DISCA,Discovery Communications-A,Consumer Discretionary,"Silver Spring, Maryland",Silver Spring,Maryland,MD,38.9927608,-77.0300984
DISCK,Discovery Communications-C,Consumer Discretionary,"Silver Spring, Maryland",Silver Spring,Maryland,MD,38.9927608,-77.0300984
DG,Dollar General,Consumer Discretionary,"Goodlettsville, Tennessee",Goodlettsville,Tennessee,TN,36.3349115,-86.7053391
DLTR,Dollar Tree,Consumer Discretionary,"Chesapeake, Virginia",Chesapeake,Virginia,VA,36.7183708,-76.2466798
D,Dominion Resources,Utilities,"Richmond, Virginia",Richmond,Virginia,VA,37.5385087,-77.43428
DOV,Dover Corp.,Industrials,"Downers Grove, Illinois",Downers Grove,Illinois,IL,41.7936822,-88.0102281
DOW,Dow Chemical,Materials,"Midland, Michigan",Midland,Michigan,MI,43.6155825,-84.2472117
DPS,Dr Pepper Snapple Group,Consumer Staples,"Plano, Texas",Plano,Texas,TX,33.0136764,-96.6925096
DTE,DTE Energy Co.,Utilities,"Detroit, Michigan",Detroit,Michigan,MI,42.3315509,-83.0466403
DD,Du Pont (E.I.),Materials,"Wilmington, Delaware",Wilmington,Delaware,DE,39.7459468,-75.546589
DUK,Duke Energy,Utilities,"Charlotte, North Carolina",Charlotte,North Carolina,NC,35.2272086,-80.8430827
DNB,Dun & Bradstreet,Industrials,"Short Hills, New Jersey",Short Hills,New Jersey,NJ,40.7478786,-74.3254271
ETFC,E*Trade,Financials,"New York, New York",New York,New York,NY,40.7127281,-74.0060152
EMN,Eastman Chemical,Materials,"Kingsport, Tennessee",Kingsport,Tennessee,TN,36.550238,-82.5594293
EBAY,eBay Inc.,Information Technology,"San Jose, California",San Jose,California,CA,37.3361663,-121.890591
ECL,Ecolab Inc.,Materials,"St. Paul, Minnesota",St. Paul,Minnesota,MN,44.9497487,-93.0931028
EIX,Edison Int'l,Utilities,"Rosemead, California",Rosemead,California,CA,34.0676169,-118.0879763
EW,Edwards Lifesciences,Health Care,"Irvine, California",Irvine,California,CA,33.6856969,-117.8259819
EA,Electronic Arts,Information Technology,"Redwood City, California",Redwood City,California,CA,37.4863239,-122.232523
EMR,Emerson Electric Company,Industrials,"Ferguson, Missouri",Ferguson,Missouri,MO,38.744707,-90.3038975
ETR,Entergy Corp.,Utilities,"New Orleans, Louisiana",New Orleans,Louisiana,LA,29.9759983,-90.0782127
EVHC,Envision Healthcare Corp,Health Care,"Nashville, Tennessee",Nashville,Tennessee,TN,36.1622767,-86.7742984
EOG,EOG Resources,Energy,"Houston, Texas",Houston,Texas,TX,29.7589382,-95.3676974
EQT,EQT Corporation,Energy,"Pittsburgh, Pennsylvania",Pittsburgh,Pennsylvania,PA,40.4416941,-79.9900861
EFX,Equifax Inc.,Industrials,"Atlanta, Georgia",Atlanta,Georgia,GA,33.7489924,-84.3902644
EQIX,Equinix,Real Estate,"Redwood City, California",Redwood City,California,CA,37.4863239,-122.232523
EQR,Equity Residential,Real Estate,"Chicago, Illinois",Chicago,Illinois,IL,41.8755616,-87.6244212
ESS,"Essex Property Trust, Inc.",Real Estate,"Palo Alto, California",Palo Alto,California,CA,37.4443293,-122.1598465
EL,Estee Lauder Cos.,Consumer Staples,"New York, New York",New York,New York,NY,40.7127281,-74.0060152
ES,Eversource Energy,Utilities,"Springfield, Massachusetts",Springfield,Massachusetts,MA,42.1018764,-72.5886727
EXC,Exelon Corp.,Utilities,"Chicago, Illinois",Chicago,Illinois,IL,41.8755616,-87.6244212
EXPE,Expedia Inc.,Consumer Discretionary,"Bellevue, Washington",Bellevue,Washington,WA,47.6144219,-122.192337
EXPD,Expeditors Int'l,Industrials,"Seattle, Washington",Seattle,Washington,WA,47.6038321,-122.330062
ESRX,Express Scripts,Health Care,"Cool Valley, Missouri",Cool Valley,Missouri,MO,38.725913,-90.3059184
EXR,Extra Space Storage,Real Estate,"Salt Lake City, UT",Salt Lake City,Utah,UT,40.7596198,-111.8867975
XOM,Exxon Mobil Corp.,Energy,"Irving, Texas",Irving,Texas,TX,32.8295183,-96.9442177
FFIV,F5 Networks,Information Technology,"Seattle, Washington",Seattle,Washington,WA,47.6038321,-122.330062
FB,Facebook,Information Technology,"Menlo Park, California",Menlo Park,California,CA,37.4519671,-122.1779927
FAST,Fastenal Co,Industrials,"Winona, Minnesota",Winona,Minnesota,MN,43.9582272,-91.7807784
FRT,Federal Realty Investment Trust,Real Estate,"Rockville, Maryland",Rockville,Maryland,MD,39.0817985,-77.1516844
FDX,FedEx Corporation,Industrials,"Memphis, Tennessee",Memphis,Tennessee,TN,35.1335022,-89.9668758
FIS,Fidelity National Information Services,Information Technology,"Jacksonville, Florida",Jacksonville,Florida,FL,30.3321838,-81.655651
FITB,Fifth Third Bancorp,Financials,"Cincinnati, Ohio",Cincinnati,Ohio,OH,39.1014537,-84.5124602
FSLR,First Solar Inc,Information Technology,"Tempe, Arizona",Tempe,Arizona,AZ,33.4255056,-111.9400091
FE,FirstEnergy Corp,Utilities,"Akron, Ohio",Akron,Ohio,OH,41.083064,-81.518485
FISV,Fiserv Inc,Information Technology,"Brookfield, Wisconsin",Brookfield,Wisconsin,WI,43.0605671,-88.1064787
FLIR,FLIR Systems,Information Technology,"Wilsonville, Oregon",Wilsonville,Oregon,OR,45.3099218,-122.7681602
FLS,Flowserve Corporation,Industrials,"Irving, Texas",Irving,Texas,TX,32.8295183,-96.9442177
FLR,Fluor Corp.,Industrials,"Irving, Texas",Irving,Texas,TX,32.8295183,-96.9442177
FMC,FMC Corporation,Materials,"Philadelphia, Pennsylvania",Philadelphia,Pennsylvania,PA,39.9527237,-75.1635262
FTI,FMC Technologies Inc.,Energy,"Houston, Texas",Houston,Texas,TX,29.7589382,-95.3676974
FL,Foot Locker Inc,Consumer Discretionary,"New York, New York",New York,New York,NY,40.7127281,-74.0060152
F,Ford Motor,Consumer Discretionary,"Dearborn, Michigan",Dearborn,Michigan,MI,42.3222599,-83.1763145
FTV,Fortive Corp,Industrials,"Everett, Washington",Everett,Washington,WA,47.9673056,-122.201399
FBHS,Fortune Brands Home & Security,Industrials,"Deerfield, Illinois",Deerfield,Illinois,IL,42.1711365,-87.8445119
BEN,Franklin Resources,Financials,"San Mateo, California",San Mateo,California,CA,37.496904,-122.3330573
FCX,Freeport-McMoran Cp & Gld,Materials,"Phoenix, Arizona",Phoenix,Arizona,AZ,33.4484367,-112.074141
FTR,Frontier Communications,Telecommunications Services,"Stamford, Connecticut",Stamford,Connecticut,CT,41.0534302,-73.5387341
GPS,Gap (The),Consumer Discretionary,"San Francisco, California",San Francisco,California,CA,37.7790262,-122.419906
GD,General Dynamics,Industrials,"Falls Church, Virginia",Falls Church,Virginia,VA,38.882334,-77.1710914
GE,General Electric,Industrials,"Fairfield, Connecticut",Fairfield,Connecticut,CT,41.1412078,-73.2637258
GGP,General Growth Properties Inc.,Real Estate,"Chicago, Illinois",Chicago,Illinois,IL,41.8755616,-87.6244212
GIS,General Mills,Consumer Staples,"Golden Valley, Minnesota",Golden Valley,Minnesota,MN,44.9861176,-93.3784618
GM,General Motors,Consumer Discretionary,"Detroit, Michigan",Detroit,Michigan,MI,42.3315509,-83.0466403
GPC,Genuine Parts,Consumer Discretionary,"Atlanta, Georgia",Atlanta,Georgia,GA,33.7489924,-84.3902644
GILD,Gilead Sciences,Health Care,"Foster City, California",Foster City,California,CA,37.5600336,-122.2688522
GPN,Global Payments Inc,Information Technology,"Atlanta, Georgia",Atlanta,Georgia,GA,33.7489924,-84.3902644
GS,Goldman Sachs Group,Financials,"New York, New York",New York,New York,NY,40.7127281,-74.0060152
GT,Goodyear Tire & Rubber,Consumer Discretionary,"Akron, Ohio",Akron,Ohio,OH,41.083064,-81.518485
GWW,Grainger (W.W.) Inc.,Industrials,"Lake Forest, Illinois",Lake Forest,Illinois,IL,42.2586342,-87.840625
HAL,Halliburton Co.,Energy,"Houston, Texas",Houston,Texas,TX,29.7589382,-95.3676974
HBI,Hanesbrands Inc,Consumer Discretionary,"Winston-Salem, North Carolina",Winston-Salem,North Carolina,NC,36.0998131,-80.2440518
HOG,Harley-Davidson,Consumer Discretionary,"Milwaukee, Wisconsin",Milwaukee,Wisconsin,WI,43.0349931,-87.922497
HAR,Harman Int'l Industries,Consumer Discretionary,"Stamford, Connecticut",Stamford,Connecticut,CT,41.0534302,-73.5387341
HRS,Harris Corporation,Information Technology,"Melbourne, Florida",Melbourne,Florida,FL,28.106471,-80.6371513
HIG,Hartford Financial Svc.Gp.,Financials,"Hartford, Connecticut",Hartford,Connecticut,CT,41.764582,-72.6908547
HAS,Hasbro Inc.,Consumer Discretionary,"Pawtucket, Rhode Island",Pawtucket,Rhode Island,RI,41.878711,-71.3825558
HCA,HCA Holdings,Health Care,"Nashville, Tennessee",Nashville,Tennessee,TN,36.1622767,-86.7742984
HCP,HCP Inc.,Real Estate,"Long Beach, California",Long Beach,California,CA,33.7690164,-118.191604
HP,Helmerich & Payne,Energy,"Tulsa, Oklahoma[5]",Tulsa,Oklahoma,OK,36.1556805,-95.9929113
HSIC,Henry Schein,Health Care,"Melville, New York",Melville,New York,NY,40.7834763,-73.4075574
HES,Hess Corporation,Energy,"New York, New York",New York,New York,NY,40.7127281,-74.0060152
HPE,Hewlett Packard Enterprise,Information Technology,"Palo Alto, California",Palo Alto,California,CA,37.4443293,-122.1598465
HOLX,Hologic,Health Care,"Marlborough, Massachusetts",Marlborough,Massachusetts,MA,42.3459271,-71.5522874
HD,Home Depot,Consumer Discretionary,"Atlanta, Georgia",Atlanta,Georgia,GA,33.7489924,-84.3902644
HON,Honeywell Int'l Inc.,Industrials,"Morristown, New Jersey",Morristown,New Jersey,NJ,40.7970382,-74.4809868
HRL,Hormel Foods Corp.,Consumer Staples,"Austin, Minnesota",Austin,Minnesota,MN,43.6680928,-92.9744896
HST,Host Hotels & Resorts,Real Estate,"Bethesda, Maryland",Bethesda,Maryland,MD,38.9843774,-77.0941675
HPQ,HP Inc.,Information Technology,"Palo Alto, California",Palo Alto,California,CA,37.4443293,-122.1598465
HUM,Humana Inc.,Health Care,"Louisville, Kentucky",Louisville,Kentucky,KY,38.2542376,-85.759407
HBAN,Huntington Bancshares,Financials,"Columbus, Ohio",Columbus,Ohio,OH,39.9622601,-83.0007065
IDXX,IDEXX Laboratories,Health Care,"Westbrook, Maine",Westbrook,Maine,ME,43.6763036,-70.3663874
ITW,Illinois Tool Works,Industrials,"Glenview, Illinois",Glenview,Illinois,IL,42.0863023,-87.8260949
ILMN,Illumina Inc,Health Care,"San Diego, California",San Diego,California,CA,32.7174202,-117.1627728
INTC,Intel Corp.,Information Technology,"Santa Clara, California",Santa Clara,California,CA,37.2333253,-121.6846349
ICE,Intercontinental Exchange,Financials,"Atlanta, Georgia",Atlanta,Georgia,GA,33.7489924,-84.3902644
IBM,International Business Machines,Information Technology,"Armonk, New York",Armonk,New York,NY,41.1330485,-73.7126237
IP,International Paper,Materials,"Memphis, Tennessee",Memphis,Tennessee,TN,35.1335022,-89.9668758
IPG,Interpublic Group,Consumer Discretionary,"New York, New York",New York,New York,NY,40.7127281,-74.0060152
IFF,Intl Flavors & Fragrances,Materials,"New York, New York",New York,New York,NY,40.7127281,-74.0060152
INTU,Intuit Inc.,Information Technology,"Mountain View, California",Mountain View,California,CA,37.3893889,-122.0832101
ISRG,Intuitive Surgical Inc.,Health Care,"Sunnyvale, California",Sunnyvale,California,CA,37.3688301,-122.036349
IVZ,Invesco Ltd.,Financials,"Atlanta, Georgia",Atlanta,Georgia,GA,33.7489924,-84.3902644
IRM,Iron Mountain Incorporated,Real Estate,"Boston, Massachusetts",Boston,Massachusetts,MA,42.3602534,-71.0582912
JBHT,J. B. Hunt Transport Services,Industrials,"Lowell, Arkansas",Lowell,Arkansas,AR,36.2553543,-94.1307587
JEC,Jacobs Engineering Group,Industrials,"Pasadena, California",Pasadena,California,CA,34.1476452,-118.1444779
SJM,JM Smucker,Consumer Staples,"Orrville, Ohio",Orrville,Ohio,OH,40.8436664,-81.7640212
JNJ,Johnson & Johnson,Health Care,"New Brunswick, New Jersey",New Brunswick,New Jersey,NJ,40.4862174,-74.4518173
JPM,JPMorgan Chase & Co.,Financials,"New York, New York",New York,New York,NY,40.7127281,-74.0060152
JNPR,Juniper Networks,Information Technology,"Sunnyvale, California",Sunnyvale,California,CA,37.3688301,-122.036349
KSU,Kansas City Southern,Industrials,"Kansas City, Missouri",Kansas City,Missouri,MO,39.100105,-94.5781416
K,Kellogg Co.,Consumer Staples,"Battle Creek, Michigan",Battle Creek,Michigan,MI,42.3192548,-85.1824269
KEY,KeyCorp,Financials,"Cleveland, Ohio",Cleveland,Ohio,OH,41.4996562,-81.6936813
KMB,Kimberly-Clark,Consumer Staples,"Irving, Texas",Irving,Texas,TX,32.8295183,-96.9442177
KIM,Kimco Realty,Real Estate,"New Hyde Park, New York",New Hyde Park,New York,NY,40.7330569,-73.685532
KMI,Kinder Morgan,Energy,"Houston, Texas",Houston,Texas,TX,29.7589382,-95.3676974
KLAC,KLA-Tencor Corp.,Information Technology,"Milpitas, California",Milpitas,California,CA,37.4282771,-121.9069256
KSS,Kohl's Corp.,Consumer Discretionary,"Menomonee Falls, Wisconsin",Menomonee Falls,Wisconsin,WI,43.1790768,-88.1170784
KHC,Kraft Heinz Co,Consumer Staples,"Pittsburgh, Pennsylvania",Pittsburgh,Pennsylvania,PA,40.4416941,-79.9900861
KR,Kroger Co.,Consumer Staples,"Cincinnati, Ohio",Cincinnati,Ohio,OH,39.1014537,-84.5124602
LB,L Brands Inc.,Consumer Discretionary,"Columbus, Ohio",Columbus,Ohio,OH,39.9622601,-83.0007065
LLL,L-3 Communications Holdings,Industrials,"New York, New York",New York,New York,NY,40.7127281,-74.0060152
LH,Laboratory Corp. of America Holding,Health Care,"Burlington, North Carolina",Burlington,North Carolina,NC,36.0956918,-79.4377991
LRCX,Lam Research,Information Technology,"Fremont, California",Fremont,California,CA,37.5482697,-121.988571
LEG,Leggett & Platt,Industrials,"Carthage, Missouri",Carthage,Missouri,MO,37.1765141,-94.3103412
LEN,Lennar Corp.,Consumer Discretionary,"Miami, Florida",Miami,Florida,FL,25.7741728,-80.19362
LUK,Leucadia National Corp.,Financials,"New York, New York",New York,New York,NY,40.7127281,-74.0060152
LVLT,Level 3 Communications,Telecommunications Services,"Broomfield, Colorado",Broomfield,Colorado,CO,39.9403995,-105.05208
LLY,Lilly (Eli) & Co.,Health Care,"Indianapolis, Indiana",Indianapolis,Indiana,IN,39.7683331,-86.1583502
LNC,Lincoln National,Financials,"Radnor, Pennsylvania",Radnor,Pennsylvania,PA,40.0463001,-75.3595487
LLTC,Linear Technology Corp.,Information Technology,"Milpitas, California",Milpitas,California,CA,37.4282771,-121.9069256
LKQ,LKQ Corporation,Consumer Discretionary,"Chicago, Illinois",Chicago,Illinois,IL,41.8755616,-87.6244212
LMT,Lockheed Martin Corp.,Industrials,"Bethesda, Maryland",Bethesda,Maryland,MD,38.9843774,-77.0941675
L,Loews Corp.,Financials,"New York, New York",New York,New York,NY,40.7127281,-74.0060152
LOW,Lowe's Cos.,Consumer Discretionary,"Mooresville, North Carolina",Mooresville,North Carolina,NC,35.5848596,-80.8100724
MTB,M&T Bank Corp.,Financials,"Buffalo, New York",Buffalo,New York,NY,42.8867166,-78.8783922
MAC,Macerich,Real Estate,"Santa Monica, California",Santa Monica,California,CA,34.0194704,-118.4912273
M,Macy's Inc.,Consumer Discretionary,"Cincinnati, Ohio",Cincinnati,Ohio,OH,39.1014537,-84.5124602
MRO,Marathon Oil Corp.,Energy,"Houston, Texas",Houston,Texas,TX,29.7589382,-95.3676974
MPC,Marathon Petroleum,Energy,"Findlay, Ohio",Findlay,Ohio,OH,41.0413873,-83.6503982
MAR,Marriott Int'l.,Consumer Discretionary,"Bethesda, Maryland",Bethesda,Maryland,MD,38.9843774,-77.0941675
MMC,Marsh & McLennan,Financials,"New York, New York",New York,New York,NY,40.7127281,-74.0060152
MLM,Martin Marietta Materials,Materials,"Raleigh, North Carolina",Raleigh,North Carolina,NC,35.7803977,-78.6390989
MAS,Masco Corp.,Industrials,"Taylor, Michigan",Taylor,Michigan,MI,42.240872,-83.2696509
MA,Mastercard Inc.,Information Technology,"Harrison, New York",Harrison,New York,NY,41.0195135,-73.7111637
MAT,Mattel Inc.,Consumer Discretionary,"El Segundo, California",El Segundo,California,CA,33.917028,-118.4156337
MKC,McCormick & Co.,Consumer Staples,"Sparks, Maryland",Sparks,Maryland,MD,39.5303908,-76.6458407
MCD,McDonald's Corp.,Consumer Discretionary,"Oak Brook, Illinois",Oak Brook,Illinois,IL,41.8328085,-87.9289504
MCK,McKesson Corp.,Health Care,"San Francisco, California",San Francisco,California,CA,37.7790262,-122.419906
MJN,Mead Johnson,Consumer Staples,"Glenview, Illinois",Glenview,Illinois,IL,42.0863023,-87.8260949
MRK,Merck & Co.,Health Care,"Whitehouse Station, New Jersey",Whitehouse Station,New Jersey,NJ,40.61538,-74.7704409
MET,MetLife Inc.,Financials,"New York, New York",New York,New York,NY,40.7127281,-74.0060152
MTD,Mettler Toledo,Health Care,"Columbus, Ohio",Columbus,Ohio,OH,39.9622601,-83.0007065
KORS,Michael Kors Holdings,Consumer Discretionary,"New York, New York",New York,New York,NY,40.7127281,-74.0060152
MCHP,Microchip Technology,Information Technology,"Chandler, Arizona",Chandler,Arizona,AZ,33.3061605,-111.84125
MU,Micron Technology,Information Technology,"Boise, Idaho",Boise,Idaho,ID,43.6166163,-116.200886
MSFT,Microsoft Corp.,Information Technology,"Redmond, Washington",Redmond,Washington,WA,47.6694141,-122.1238767
MAA,Mid-America Apartments,Real Estate,"Memphis, Tennessee",Memphis,Tennessee,TN,35.1335022,-89.9668758
MHK,Mohawk Industries,Consumer Discretionary,"Amsterdam, New York",Amsterdam,New York,NY,40.782832,-73.978328
TAP,Molson Coors Brewing Company,Consumer Staples,"Denver, Colorado",Denver,Colorado,CO,39.7392364,-104.984862
MDLZ,Mondelez International,Consumer Staples,"Northfield, Illinois",Northfield,Illinois,IL,42.09975,-87.7808967
MON,Monsanto Co.,Materials,"Creve Coeur, Missouri",Creve Coeur,Missouri,MO,38.6613007,-90.4423653
MNST,Monster Beverage,Consumer Staples,"Corona, California",Corona,California,CA,33.8752945,-117.5664449
MCO,Moody's Corp,Financials,"New York, New York",New York,New York,NY,40.7127281,-74.0060152
MS,Morgan Stanley,Financials,"New York, New York",New York,New York,NY,40.7127281,-74.0060152
MSI,Motorola Solutions Inc.,Information Technology,"Schaumburg, Illinois",Schaumburg,Illinois,IL,42.0333608,-88.083406
MUR,Murphy Oil,Energy,"El Dorado, Arkansas",El Dorado,Arkansas,AR,33.20763,-92.6662674
NDAQ,NASDAQ OMX Group,Financials,"New York, New York",New York,New York,NY,40.7127281,-74.0060152
NOV,National Oilwell Varco Inc.,Energy,"Houston, Texas",Houston,Texas,TX,29.7589382,-95.3676974
NAVI,Navient,Financials,"Newark, Delaware",Newark,Delaware,DE,39.6775927,-75.7630866
NTAP,NetApp,Information Technology,"Sunnyvale, California",Sunnyvale,California,CA,37.3688301,-122.036349
NFLX,Netflix Inc.,Information Technology,"Los Gatos, California",Los Gatos,California,CA,37.226611,-121.9746797
NWL,Newell Brands,Consumer Discretionary,"Sandy Springs, Georgia",Sandy Springs,Georgia,GA,33.9242688,-84.3785379
NFX,Newfield Exploration Co,Energy,"Houston, Texas",Houston,Texas,TX,29.7589382,-95.3676974
NEM,Newmont Mining Corp. (Hldg. Co.),Materials,"Denver, Colorado",Denver,Colorado,CO,39.7392364,-104.984862
NWSA,News Corp. Class A,Consumer Discretionary,"New York, New York",New York,New York,NY,40.7127281,-74.0060152
NWS,News Corp. Class B,Consumer Discretionary,"New York, New York",New York,New York,NY,40.7127281,-74.0060152
NEE,NextEra Energy,Utilities,"Juno Beach, Florida",Juno Beach,Florida,FL,26.8797819,-80.0533743
NLSN,Nielsen Holdings,Industrials,"New York, New York",New York,New York,NY,40.7127281,-74.0060152
NKE,Nike,Consumer Discretionary,"Washington County, Oregon",Washington County,Oregon,OR,45.5601883,-123.0587907
NI,NiSource Inc.,Utilities,"Merrillville, Indiana",Merrillville,Indiana,IN,41.4828144,-87.3328139
NBL,Noble Energy Inc,Energy,"Houston, Texas",Houston,Texas,TX,29.7589382,-95.3676974
JWN,Nordstrom,Consumer Discretionary,"Seattle, Washington",Seattle,Washington,WA,47.6038321,-122.330062
NSC,Norfolk Southern Corp.,Industrials,"Norfolk, Virginia",Norfolk,Virginia,VA,36.8968052,-76.2602336
NTRS,Northern Trust Corp.,Financials,"Chicago, Illinois",Chicago,Illinois,IL,41.8755616,-87.6244212
NOC,Northrop Grumman Corp.,Industrials,"West Falls Church, Virginia",West Falls Church,Virginia,VA,38.8656969,-77.201138
NRG,NRG Energy,Utilities,"Princeton, New Jersey",Princeton,New Jersey,NJ,40.3492744,-74.6592958
NUE,Nucor Corp.,Materials,"Charlotte, North Carolina",Charlotte,North Carolina,NC,35.2272086,-80.8430827
NVDA,Nvidia Corporation,Information Technology,"Santa Clara, California",Santa Clara,California,CA,37.2333253,-121.6846349
ORLY,O'Reilly Automotive,Consumer Discretionary,"Springfield, Missouri",Springfield,Missouri,MO,37.2166779,-93.2920373
OXY,Occidental Petroleum,Energy,"Los Angeles, California",Los Angeles,California,CA,34.0536909,-118.242766
OMC,Omnicom Group,Consumer Discretionary,"New York, New York",New York,New York,NY,40.7127281,-74.0060152
OKE,ONEOK,Energy,"Tulsa, Oklahoma",Tulsa,Oklahoma,OK,36.1556805,-95.9929113
ORCL,Oracle Corp.,Information Technology,"Redwood Shores, California",Redwood Shores,California,CA,37.5318804,-122.2480219
PCAR,PACCAR Inc.,Industrials,"Bellevue, Washington",Bellevue,Washington,WA,47.6144219,-122.192337
PH,Parker-Hannifin,Industrials,"Cleveland, Ohio",Cleveland,Ohio,OH,41.4996562,-81.6936813
PDCO,Patterson Companies,Health Care,"St. Paul, Minnesota",St. Paul,Minnesota,MN,44.9497487,-93.0931028
PAYX,Paychex Inc.,Information Technology,"Penfield, New York",Penfield,New York,NY,43.1301133,-77.4759588
PYPL,PayPal,Information Technology,"San Jose, California",San Jose,California,CA,37.3361663,-121.890591
PBCT,People's United Financial,Financials,"Bridgeport, Connecticut",Bridgeport,Connecticut,CT,41.1670412,-73.2048348
PEP,PepsiCo Inc.,Consumer Staples,"Purchase, New York",Purchase,New York,NY,41.0409305,-73.7145746
PKI,PerkinElmer,Health Care,"Waltham, Massachusetts",Waltham,Massachusetts,MA,42.3756401,-71.2358004
PFE,Pfizer Inc.,Health Care,"New York, New York",New York,New York,NY,40.7127281,-74.0060152
PCG,PG&E Corp.,Utilities,"San Francisco, California",San Francisco,California,CA,37.7790262,-122.419906
PM,Philip Morris International,Consumer Staples,"New York, New York",New York,New York,NY,40.7127281,-74.0060152
PSX,Phillips 66,Energy,"Houston, Texas",Houston,Texas,TX,29.7589382,-95.3676974
PNW,Pinnacle West Capital,Utilities,"Phoenix, Arizona",Phoenix,Arizona,AZ,33.4484367,-112.074141
PXD,Pioneer Natural Resources,Energy,"Irving, Texas",Irving,Texas,TX,32.8295183,-96.9442177
PBI,Pitney-Bowes,Industrials,"Stamford, Connecticut",Stamford,Connecticut,CT,41.0534302,-73.5387341
PNC,PNC Financial Services,Financials,"Pittsburgh, Pennsylvania",Pittsburgh,Pennsylvania,PA,40.4416941,-79.9900861
RL,Polo Ralph Lauren Corp.,Consumer Discretionary,"New York, New York",New York,New York,NY,40.7127281,-74.0060152
PPG,PPG Industries,Materials,"Pittsburgh, Pennsylvania",Pittsburgh,Pennsylvania,PA,40.4416941,-79.9900861
PPL,PPL Corp.,Utilities,"Allentown, Pennsylvania",Allentown,Pennsylvania,PA,40.6022059,-75.4712794
PX,Praxair Inc.,Materials,"Danbury, Connecticut",Danbury,Connecticut,CT,41.394817,-73.4540111
PCLN,Priceline.com Inc,Consumer Discretionary,"Norwalk, Connecticut",Norwalk,Connecticut,CT,41.1175966,-73.4078968
PFG,Principal Financial Group,Financials,"Des Moines, Iowa",Des Moines,Iowa,IA,41.5910323,-93.6046655
PG,Procter & Gamble,Consumer Staples,"Cincinnati, Ohio",Cincinnati,Ohio,OH,39.1014537,-84.5124602
PGR,Progressive Corp.,Financials,"Mayfield Village, Ohio",Mayfield Village,Ohio,OH,41.5595437,-81.4439274
PLD,Prologis,Real Estate,"San Francisco, California",San Francisco,California,CA,37.7790262,-122.419906
PRU,Prudential Financial,Financials,"Newark, New Jersey",Newark,New Jersey,NJ,40.735657,-74.1723667
PEG,Public Serv. Enterprise Inc.,Utilities,"Newark, New Jersey",Newark,New Jersey,NJ,40.735657,-74.1723667
PSA,Public Storage,Real Estate,"Glendale, California",Glendale,California,CA,34.1469416,-118.2478471
PHM,Pulte Homes Inc.,Consumer Discretionary,"Atlanta, Georgia",Atlanta,Georgia,GA,33.7489924,-84.3902644
PVH,PVH Corp.,Consumer Discretionary,"New York, New York",New York,New York,NY,40.7127281,-74.0060152
QRVO,Qorvo,Information Technology,"Greensboro, North Carolina",Greensboro,North Carolina,NC,36.0726355,-79.7919754
QCOM,QUALCOMM Inc.,Information Technology,"San Diego, California",San Diego,California,CA,32.7174202,-117.1627728
PWR,Quanta Services Inc.,Industrials,"Houston, Texas",Houston,Texas,TX,29.7589382,-95.3676974
DGX,Quest Diagnostics,Health Care,"Madison, New Jersey",Madison,New Jersey,NJ,40.7598227,-74.417097
RRC,Range Resources Corp.,Energy,"Fort Worth, Texas",Fort Worth,Texas,TX,32.753177,-97.3327459
RTN,Raytheon Co.,Industrials,"Waltham, Massachusetts",Waltham,Massachusetts,MA,42.3756401,-71.2358004
O,Realty Income Corporation,Real Estate,"San Diego, California",San Diego,California,CA,32.7174202,-117.1627728
RHT,Red Hat Inc.,Information Technology,"Raleigh, North Carolina",Raleigh,North Carolina,NC,35.7803977,-78.6390989
REGN,Regeneron,Health Care,"Tarrytown, New York",Tarrytown,New York,NY,41.0762077,-73.8587461
RF,Regions Financial Corp.,Financials,"Birmingham, Alabama",Birmingham,Alabama,AL,33.5206824,-86.8024326
RSG,Republic Services Inc,Industrials,"Phoenix, Arizona",Phoenix,Arizona,AZ,33.4484367,-112.074141
RAI,Reynolds American Inc.,Consumer Staples,"Winston-Salem, North Carolina",Winston-Salem,North Carolina,NC,36.0998131,-80.2440518
RHI,Robert Half International,Industrials,"Menlo Park, California",Menlo Park,California,CA,37.4519671,-122.1779927
ROK,Rockwell Automation Inc.,Industrials,"Milwaukee, Wisconsin",Milwaukee,Wisconsin,WI,43.0349931,-87.922497
COL,Rockwell Collins,Industrials,"Cedar Rapids, Iowa",Cedar Rapids,Iowa,IA,41.9758872,-91.6704053
ROP,Roper Industries,Industrials,"Sarasota, Florida",Sarasota,Florida,FL,27.3365805,-82.5308545
ROST,Ross Stores,Consumer Discretionary,"Pleasanton, California",Pleasanton,California,CA,37.6624312,-121.8746789
RCL,Royal Caribbean Cruises Ltd,Consumer Discretionary,"Miami, Florida",Miami,Florida,FL,25.7741728,-80.19362
R,Ryder System,Industrials,"Miami, Florida",Miami,Florida,FL,25.7741728,-80.19362
SPGI,"S&P Global, Inc.",Financials,"New York, New York",New York,New York,NY,40.7127281,-74.0060152
CRM,Salesforce.com,Information Technology,"San Francisco, California",San Francisco,California,CA,37.7790262,-122.419906
SCG,SCANA Corp,Utilities,"Cayce, South Carolina",Cayce,South Carolina,SC,33.9657091,-81.0739827
SNI,Scripps Networks Interactive Inc.,Consumer Discretionary,"Cincinnati, Ohio",Cincinnati,Ohio,OH,39.1014537,-84.5124602
SEE,Sealed Air,Materials,"Elmwood Park, New Jersey",Elmwood Park,New Jersey,NJ,40.9074237,-74.1183543
SRE,Sempra Energy,Utilities,"San Diego, California",San Diego,California,CA,32.7174202,-117.1627728
SHW,Sherwin-Williams,Materials,"Cleveland, Ohio",Cleveland,Ohio,OH,41.4996562,-81.6936813
SPG,Simon Property Group Inc,Real Estate,"Indianapolis, Indiana",Indianapolis,Indiana,IN,39.7683331,-86.1583502
SWKS,Skyworks Solutions,Information Technology,"Woburn, Massachusetts",Woburn,Massachusetts,MA,42.4792618,-71.1522766
SLG,SL Green Realty,Real Estate,"New York, New York",New York,New York,NY,40.7127281,-74.0060152
SNA,Snap-On Inc.,Consumer Discretionary,"Kenosha, Wisconsin",Kenosha,Wisconsin,WI,42.5846773,-87.8212263
SO,Southern Co.,Utilities,"Atlanta, Georgia",Atlanta,Georgia,GA,33.7489924,-84.3902644
LUV,Southwest Airlines,Industrials,"Dallas, Texas",Dallas,Texas,TX,32.7762719,-96.7968559
SWN,Southwestern Energy,Energy,"Houston, Texas[6]",Houston,Texas,TX,29.7589382,-95.3676974
SE,Spectra Energy Corp.,Energy,"Houston, Texas",Houston,Texas,TX,29.7589382,-95.3676974
SWK,Stanley Black & Decker,Consumer Discretionary,"New Britain, Connecticut",New Britain,Connecticut,CT,41.6612104,-72.7795419
SPLS,Staples Inc.,Consumer Discretionary,"Framingham, Massachusetts",Framingham,Massachusetts,MA,42.3095704,-71.4413097
SBUX,Starbucks Corp.,Consumer Discretionary,"Seattle, Washington",Seattle,Washington,WA,47.6038321,-122.330062
STT,State Street Corp.,Financials,"Boston, Massachusetts",Boston,Massachusetts,MA,42.3602534,-71.0582912
SRCL,Stericycle Inc,Industrials,"Lake Forest, Illinois",Lake Forest,Illinois,IL,42.2586342,-87.840625
SYK,Stryker Corp.,Health Care,"Kalamazoo, Michigan",Kalamazoo,Michigan,MI,42.291707,-85.5872286
STI,SunTrust Banks,Financials,"Atlanta, Georgia",Atlanta,Georgia,GA,33.7489924,-84.3902644
SYMC,Symantec Corp.,Information Technology,"Mountain View, California",Mountain View,California,CA,37.3893889,-122.0832101
SYF,Synchrony Financial,Financials,"Stamford, Connecticut",Stamford,Connecticut,CT,41.0534302,-73.5387341
SYY,Sysco Corp.,Consumer Staples,"Houston, Texas",Houston,Texas,TX,29.7589382,-95.3676974
TROW,T. Rowe Price Group,Financials,"Baltimore, Maryland",Baltimore,Maryland,MD,39.2908816,-76.610759
TGT,Target Corp.,Consumer Discretionary,"Minneapolis, Minnesota",Minneapolis,Minnesota,MN,44.9772995,-93.2654692
TGNA,"Tegna, Inc.",Consumer Discretionary,"McLean, Virginia",McLean,Virginia,VA,38.9245311,-77.2101036
TDC,Teradata Corp.,Information Technology,"Miamisburg, Ohio",Miamisburg,Ohio,OH,39.6428362,-84.2866083
TSO,Tesoro Petroleum Co.,Energy,"San Antonio, Texas",San Antonio,Texas,TX,29.4246002,-98.4951405
TXN,Texas Instruments,Information Technology,"Dallas, Texas",Dallas,Texas,TX,32.7762719,-96.7968559
TXT,Textron Inc.,Industrials,"Providence, Rhode Island",Providence,Rhode Island,RI,41.8239891,-71.4128343
BK,The Bank of New York Mellon Corp.,Financials,"New York, New York",New York,New York,NY,40.7127281,-74.0060152
CLX,The Clorox Company,Consumer Staples,"Oakland, California",Oakland,California,CA,37.8044557,-122.2713563
COO,The Cooper Companies,Health Care,"Pleasanton, California",Pleasanton,California,CA,37.6624312,-121.8746789
HSY,The Hershey Company,Consumer Staples,"Hershey, Pennsylvania",Hershey,Pennsylvania,PA,40.2854881,-76.6506001
MOS,The Mosaic Company,Materials,"Plymouth, Minnesota",Plymouth,Minnesota,MN,45.0065149,-93.46651
TRV,The Travelers Companies Inc.,Financials,"New York, New York",New York,New York,NY,40.7127281,-74.0060152
DIS,The Walt Disney Company,Consumer Discretionary,"Burbank, California",Burbank,California,CA,34.1816482,-118.3258554
TMO,Thermo Fisher Scientific,Health Care,"Waltham, Massachusetts",Waltham,Massachusetts,MA,42.3756401,-71.2358004
TIF,Tiffany & Co.,Consumer Discretionary,"New York, New York",New York,New York,NY,40.7127281,-74.0060152
TWX,Time Warner Inc.,Consumer Discretionary,"New York, New York",New York,New York,NY,40.7127281,-74.0060152
TJX,TJX Companies Inc.,Consumer Discretionary,"Framingham, Massachusetts",Framingham,Massachusetts,MA,42.3095704,-71.4413097
TMK,Torchmark Corp.,Financials,"McKinney, Texas",McKinney,Texas,TX,33.1976496,-96.6154471
TSS,Total System Services,Information Technology,"Columbus, Georgia",Columbus,Georgia,GA,32.4610708,-84.9880449
TSCO,Tractor Supply Company,Consumer Discretionary,"Brentwood, Tennessee",Brentwood,Tennessee,TN,36.0325687,-86.7825235
TDG,TransDigm Group,Industrials,"Cleveland, Ohio",Cleveland,Ohio,OH,41.4996562,-81.6936813
TRIP,TripAdvisor,Consumer Discretionary,"Newton, Massachusetts",Newton,Massachusetts,MA,42.3370414,-71.2092214
FOXA,Twenty-First Century Fox Class A,Consumer Discretionary,"New York, New York",New York,New York,NY,40.7127281,-74.0060152
FOX,Twenty-First Century Fox Class B,Consumer Discretionary,"New York, New York",New York,New York,NY,40.7127281,-74.0060152
TSN,Tyson Foods,Consumer Staples,"Springdale, Arkansas",Springdale,Arkansas,AR,36.1867442,-94.1288142
USB,U.S. Bancorp,Financials,"Minneapolis, Minnesota",Minneapolis,Minnesota,MN,44.9772995,-93.2654692
UDR,UDR Inc,Real Estate,"Highlands Ranch, Colorado",Highlands Ranch,Colorado,CO,39.5497243,-104.9695655
ULTA,Ulta Salon Cosmetics & Fragrance Inc,Consumer Discretionary,"Bolingbrook, Illinois",Bolingbrook,Illinois,IL,41.7003302,-88.0717708
UA,Under Armour,Consumer Discretionary,"Baltimore, Maryland",Baltimore,Maryland,MD,39.2908816,-76.610759
UAA,Under Armour,Consumer Discretionary,"Baltimore, Maryland",Baltimore,Maryland,MD,39.2908816,-76.610759
UNP,Union Pacific,Industrials,"Omaha, Nebraska",Omaha,Nebraska,NE,41.2587459,-95.9383758
UAL,United Continental Holdings,Industrials,"Chicago, Illinois",Chicago,Illinois,IL,41.8755616,-87.6244212
UNH,United Health Group Inc.,Health Care,"Minnetonka, Minnesota",Minnetonka,Minnesota,MN,44.9405086,-93.4638936
UPS,United Parcel Service,Industrials,"Atlanta, Georgia",Atlanta,Georgia,GA,33.7489924,-84.3902644
URI,"United Rentals, Inc.",Industrials,"Stamford, Connecticut",Stamford,Connecticut,CT,41.0534302,-73.5387341
UTX,United Technologies,Industrials,"Hartford, Connecticut",Hartford,Connecticut,CT,41.764582,-72.6908547
UHS,"Universal Health Services, Inc.",Health Care,"King of Prussia, Pennsylvania",King of Prussia,Pennsylvania,PA,40.705896,-78.003616
UNM,Unum Group,Financials,"Chattanooga, Tennessee",Chattanooga,Tennessee,TN,35.0457219,-85.3094883
URBN,Urban Outfitters,Consumer Discretionary,"Philadelphia, Pennsylvania",Philadelphia,Pennsylvania,PA,39.9527237,-75.1635262
VFC,V.F. Corp.,Consumer Discretionary,"Greensboro, North Carolina",Greensboro,North Carolina,NC,36.0726355,-79.7919754
VLO,Valero Energy,Energy,"San Antonio, Texas",San Antonio,Texas,TX,29.4246002,-98.4951405
VAR,Varian Medical Systems,Health Care,"Palo Alto, California",Palo Alto,California,CA,37.4443293,-122.1598465
VTR,Ventas Inc,Real Estate,"Chicago, Illinois",Chicago,Illinois,IL,41.8755616,-87.6244212
VRSN,Verisign Inc.,Information Technology,"Dulles, Virginia",Dulles,Virginia,VA,38.9522663,-77.4534849
VRSK,Verisk Analytics,Industrials,"Jersey City, New Jersey",Jersey City,New Jersey,NJ,40.7215682,-74.047455
VZ,Verizon Communications,Telecommunications Services,"New York, New York",New York,New York,NY,40.7127281,-74.0060152
VRTX,Vertex Pharmaceuticals Inc,Health Care,"Cambridge, Massachusetts",Cambridge,Massachusetts,MA,42.3750997,-71.1056157
VIAB,Viacom Inc.,Consumer Discretionary,"New York, New York",New York,New York,NY,40.7127281,-74.0060152
V,Visa Inc.,Information Technology,"San Francisco, California",San Francisco,California,CA,37.7790262,-122.419906
VNO,Vornado Realty Trust,Real Estate,"New York, New York",New York,New York,NY,40.7127281,-74.0060152
VMC,Vulcan Materials,Materials,"Birmingham, Alabama",Birmingham,Alabama,AL,33.5206824,-86.8024326
WMT,Wal-Mart Stores,Consumer Staples,"Bentonville, Arkansas",Bentonville,Arkansas,AR,36.3728538,-94.2088172
WBA,Walgreens Boots Alliance,Consumer Staples,"Deerfield, Illinois",Deerfield,Illinois,IL,42.1711365,-87.8445119
WM,Waste Management Inc.,Industrials,"Houston, Texas",Houston,Texas,TX,29.7589382,-95.3676974
WAT,Waters Corporation,Health Care,"Milford, Massachusetts",Milford,Massachusetts,MA,42.1413353,-71.5192019
WEC,Wec Energy Group Inc,Utilities,"Milwaukee, Wisconsin",Milwaukee,Wisconsin,WI,43.0349931,-87.922497
WFC,Wells Fargo,Financials,"San Francisco, California",San Francisco,California,CA,37.7790262,-122.419906
HCN,Welltower Inc.,Real Estate,"Toledo, Ohio",Toledo,Ohio,OH,41.6529143,-83.5378173
WDC,Western Digital,Information Technology,"Irvine, California",Irvine,California,CA,33.6856969,-117.8259819
WU,Western Union Co,Information Technology,"Englewood, Colorado",Englewood,Colorado,CO,39.6482059,-104.9879641
WRK,WestRock Company,Materials,"Richmond, Virginia",Richmond,Virginia,VA,37.5385087,-77.43428
WY,Weyerhaeuser Corp.,Real Estate,"Federal Way, Washington",Federal Way,Washington,WA,47.313494,-122.3393103
WHR,Whirlpool Corp.,Consumer Discretionary,"Benton Harbor, Michigan",Benton Harbor,Michigan,MI,42.1167065,-86.4541894
WFM,Whole Foods Market,Consumer Staples,"Austin, Texas",Austin,Texas,TX,30.2711286,-97.7436995
WMB,Williams Cos.,Energy,"Tulsa, Oklahoma",Tulsa,Oklahoma,OK,36.1556805,-95.9929113
WYN,Wyndham Worldwide,Consumer Discretionary,"Parsippany, New Jersey",Parsippany,New Jersey,NJ,40.8578772,-74.4259866
WYNN,Wynn Resorts Ltd,Consumer Discretionary,"Las Vegas, Nevada",Las Vegas,Nevada,NV,36.1672559,-115.148516
XEL,Xcel Energy Inc,Utilities,"Minneapolis, Minnesota",Minneapolis,Minnesota,MN,44.9772995,-93.2654692
XRX,Xerox Corp.,Information Technology,"Norwalk, Connecticut",Norwalk,Connecticut,CT,41.1175966,-73.4078968
XLNX,Xilinx Inc,Information Technology,"San Jose, California",San Jose,California,CA,37.3361663,-121.890591
XYL,Xylem Inc.,Industrials,"White Plains, New York",White Plains,New York,NY,41.0339862,-73.7629097
YHOO,Yahoo Inc.,Information Technology,"Sunnyvale, California",Sunnyvale,California,CA,37.3688301,-122.036349
YUM,Yum! Brands Inc,Consumer Discretionary,"Louisville, Kentucky",Louisville,Kentucky,KY,38.2542376,-85.759407
ZBH,Zimmer Biomet Holdings,Health Care,"Warsaw, Indiana",Warsaw,Indiana,IN,41.2381017,-85.8530544
ZION,Zions Bancorp,Financials,"Salt Lake City, Utah",Salt Lake City,Utah,UT,40.7596198,-111.8867975
ZTS,Zoetis,Health Care,"Florham Park, New Jersey",Florham Park,New Jersey,NJ,40.7881643,-74.3891647
